name;type;zoneType;perimeter
North East Fleet;fleet;;
Service Zone A;zone;allowed;"[[40.70345836671014,-74.14999275085601],[40.70237254064465,-74.15064451111766],[40.700758707969165,-74.1460418404481],[40.70184397401624,-74.14536055935832],[40.70256571358523,-74.14739370346071]]"
No-Go Zone A;zone;restricted;"[[40.703492899942965,-74.15011153362617],[40.701933407657414,-74.15106506223482],[40.70216935786786,-74.15171935248779],[40.70372335389025,-74.15071110193402]]"