name;type;perimeter
Warehouse A;warehouse;"[[40.50160801939937,-74.28291499614717],[40.50510366361683,-74.27910090775787],[40.50410434401716,-74.27749693393709],[40.50221579326238,-74.27954077720644],[40.50099616095494,-74.28085505962373],[40.50099616095494,-74.28196012973787]]"